<?xml version="1.0" encoding="UTF-8"?>
<project-private xmlns="http://www.netbeans.org/ns/project-private/1">
    <editor-bookmarks xmlns="http://www.netbeans.org/ns/editor-bookmarks/2" lastBookmarkId="0"/>
    <open-files xmlns="http://www.netbeans.org/ns/projectui-open-files/2">
        <group>
            <file>file:/C:/Users/brand/OneDrive/Documentos/NetBeansProjects/Examen_Progra4_MarlonBrandonConejo/src/Principal/NotaController.java</file>
            <file>file:/C:/Users/brand/OneDrive/Documentos/NetBeansProjects/Examen_Progra4_MarlonBrandonConejo/src/examen_progra4_marlonbrandonconejo/Examen_Progra4_MarlonBrandonConejo.java</file>
            <file>file:/C:/Users/brand/OneDrive/Documentos/NetBeansProjects/Examen_Progra4_MarlonBrandonConejo/src/Principal/Nota.java</file>
            <file>file:/C:/Users/brand/OneDrive/Documentos/NetBeansProjects/Examen_Progra4_MarlonBrandonConejo/src/Principal/NewJFrame.java</file>
        </group>
    </open-files>
</project-private>
